0, 3214.5
1, 3122.5
2, 1906.5
3, 3602
4, 3244.5
5, 2939.5
6, 3072.5
7, 2984.5
8, 1073
9, 1364
10, 1669.5
11, 3329
12, 1866.5
13, 4878
14, 5074.5
15, 3341
16, 3006.5
17, 4397.5
18, 3237.5
19, 3160.5
20, 3238
21, 3433
22, 2885
23, 3119.5
24, 3560.5
25, 1691.5
26, 2276.5
27, 3633
28, 5272
29, 3477
30, 4281
31, 4221
32, 4300
33, 5591.5
34, 4155.5
35, 5912
36, 6219.5
37, 4673.5
38, 6716
39, 3992.5
40, 5655
41, 5654
42, 4301.5
43, 5488.5
44, 5030
45, 5034
46, 4535
47, 4976.5
48, 6288.5
49, 6731
50, 4336
51, 4379.5
52, 6731
53, 6970
54, 6748.5
55, 8215
56, 6225
57, 6886
58, 7406
59, 5517.5
60, 5819.5
61, 5537.5
62, 5319.5
63, 5408
64, 6570.5
65, 5088
66, 7163.5
67, 5883.5
68, 5888.5
69, 5868
70, 7423
71, 7244
72, 6657.5
73, 6627.5
74, 6442
75, 7119.5
76, 6417.5
77, 6897
78, 7376.5
79, 5809.5
80, 7136.5
81, 8101.5
82, 7946
83, 8100
84, 8147
85, 7873.5
86, 7668
87, 7692
88, 8100.5
89, 7401
90, 7554.5
91, 7638.5
92, 7250
93, 7018
94, 5840
95, 7958
96, 8553
97, 8362.5
98, 8410.5
99, 7863
100, 8245.5
101, 7454
102, 6089
103, 8179.5
104, 8522
105, 7731.5
106, 7722.5
107, 8155.5
108, 7034.5
109, 8745.5
110, 8525
111, 6563
112, 6498.5
113, 6648.5
114, 7828.5
115, 7820.5
116, 5996
117, 7303
118, 7285
119, 6470.5
120, 8010
121, 7628
122, 7757.5
123, 6569.5
124, 6530
125, 6682.5
126, 7089.5
127, 8403
128, 8411.5
129, 8292.5
130, 9795.5
131, 8469
132, 8362.5
133, 8561.5
134, 8331
135, 8933.5
136, 9814
137, 9178
138, 8767.5
139, 9035.5
140, 9127
141, 9010
142, 10121.5
143, 10112
144, 10178.5
145, 10644
146, 10364.5
147, 10365.5
148, 8953.5
149, 9712
150, 9567
151, 9649.5
152, 9649.5
153, 8529
154, 8704.5
155, 9447
156, 9933
157, 11349.5
158, 10472.5
159, 9730.5
160, 11067.5
161, 9907
162, 10768.5
163, 10717.5
164, 10447.5
165, 10359.5
166, 8758.5
167, 8808
168, 9098
169, 9681.5
170, 10562
171, 9752.5
172, 9212.5
173, 9097
174, 9010.5
175, 9901
176, 10163
177, 10113.5
178, 9817.5
179, 10700.5
180, 9974
181, 10067
182, 10050.5
183, 8847
184, 9024.5
185, 10216
186, 9571.5
187, 10255.5
188, 10690.5
189, 10131
190, 10652.5
191, 11630
192, 10526.5
193, 10098.5
194, 10199
195, 10253.5
196, 10083
197, 10296
198, 11631
199, 10827
200, 12092
201, 10925
202, 11572.5
203, 11406.5
204, 11299
205, 11287
206, 11088.5
207, 11368.5
208, 10160.5
209, 10320
210, 9677.5
211, 10739.5
212, 11322
213, 9775.5
214, 9836
215, 10729
216, 9407
217, 9743.5
218, 10383
219, 9990.5
220, 9991
221, 10485
222, 10192
223, 9703
224, 9635.5
225, 10841
226, 11418.5
227, 11798
228, 11950.5
229, 9345
230, 9934
231, 10754.5
232, 9969.5
233, 10392.5
234, 9816.5
235, 9816.5
236, 10351.5
237, 10915.5
238, 9738.5
239, 9850.5
240, 10539
241, 11316.5
242, 11469.5
243, 12319.5
244, 11187.5
245, 11076.5
246, 11413
247, 11097.5
248, 10656.5
249, 10673.5
250, 10398
251, 10535.5
252, 10227
253, 10955.5
254, 10569.5
255, 11811
256, 10896
257, 11648
258, 12793
259, 13234.5
260, 13216.5
261, 13276
262, 12479.5
263, 11171
264, 12203
265, 11155
266, 11497.5
267, 11625
268, 12143
269, 11798
270, 12807
271, 12109.5
272, 12580.5
273, 12580.5
274, 12508
275, 13104
276, 11739
277, 11910.5
278, 11710
279, 11448.5
280, 11745.5
281, 12631.5
282, 12393
283, 12092.5
284, 11700.5
285, 11892
286, 11771.5
287, 12692
288, 12021
289, 12438
290, 12294.5
291, 12563.5
292, 12607
293, 12450
294, 12578.5
295, 12575.5
296, 11791.5
297, 13032
298, 13339
299, 12140
300, 11553.5
301, 12632.5
302, 11430.5
303, 11790.5
304, 11830
305, 12316
306, 12349
307, 11805.5
308, 12324.5
309, 11742.5
310, 11420.5
311, 12431
312, 12617.5
313, 12249
314, 10955.5
315, 11205
316, 11612
317, 11206.5
318, 12735
319, 11710.5
320, 12439.5
321, 12459.5
322, 11918
323, 11253.5
324, 11456
325, 12000
326, 12395.5
327, 11865
328, 12790
329, 12780
330, 12119.5
331, 11958
332, 11967.5
333, 11455.5
334, 12480
335, 12391.5
336, 12406
337, 12661.5
338, 13138
339, 13254.5
340, 12337
341, 11876
342, 12384.5
343, 12004
344, 11591.5
345, 11400
346, 11172.5
347, 12113.5
348, 11810.5
349, 12617
350, 12034.5
351, 12445.5
352, 12157.5
353, 12544.5
354, 11995
355, 12001.5
356, 11947
357, 11947
358, 11257
359, 11964
360, 12489
361, 11459
362, 12479.5
363, 11555
364, 11980
365, 11210.5
366, 12116.5
367, 11579
368, 11809.5
369, 11379
370, 11743.5
371, 11853.5
372, 12040.5
373, 11342
374, 10995
375, 11232.5
376, 11944
377, 12570
378, 12159
379, 10919.5
380, 11399.5
381, 11105
382, 11231
383, 12241
384, 12294
385, 12372
386, 12006
387, 11455.5
388, 11926.5
389, 11212
390, 11171
391, 11463
392, 11800
393, 12221
394, 11597
395, 11595
396, 11730
397, 11451.5
398, 11188.5
399, 12213
400, 12274.5
401, 12245.5
402, 12075.5
403, 11291
404, 10931.5
405, 11440.5
406, 11172.5
407, 11370
408, 10972
409, 11188
410, 11155.5
411, 11248.5
412, 11697.5
413, 11552.5
414, 10581
415, 10889.5
416, 11260.5
417, 11849.5
418, 11794.5
419, 11510
420, 10947.5
421, 11214
422, 10722
423, 11614
424, 11127
425, 11140.5
426, 11060
427, 10686
428, 10415.5
429, 10732.5
430, 10745.5
431, 10334
432, 11568.5
433, 11501.5
434, 10427.5
435, 11433
436, 11547.5
437, 10519
438, 10393.5
439, 10872
440, 10475.5
441, 11215
442, 10198
443, 10819
444, 10897.5
445, 10187
446, 11081.5
447, 9988.5
448, 10364.5
449, 9828.5
450, 10857.5
451, 10757
452, 10528.5
453, 10236.5
454, 9900
455, 9960
456, 10457
457, 10620.5
458, 10305.5
459, 10240.5
460, 10775
461, 10179.5
462, 9478
463, 9582
464, 10081.5
465, 9505
466, 9527.5
467, 9932
468, 9504
469, 9339
470, 9309
471, 9304
472, 9405.5
473, 9127.5
474, 9024
475, 9565.5
476, 9433.5
477, 9838.5
478, 9280.5
479, 9167
480, 9669
481, 9606
482, 9327
483, 9908.5
484, 9133
485, 9883
486, 9435.5
487, 9789
488, 9671.5
489, 9326.5
490, 8988.5
491, 9577
492, 8938.5
493, 9419
494, 9305
495, 9058.5
496, 9240.5
497, 9335.5
498, 9457
499, 9278.5
500, 9164
501, 9037
502, 9115.5
503, 9065.5
504, 9105
505, 8991.5
506, 8619
507, 8637
508, 9045.5
509, 8259
510, 8876
511, 8370.5
512, 8559.5
513, 8749
514, 9330
515, 9330.5
516, 8616.5
517, 8837
518, 9903
519, 8936.5
520, 8727
521, 8758.5
522, 8543.5
523, 8893
524, 8922.5
525, 9494.5
526, 9818.5
527, 8795.5
528, 9083.5
529, 9109
530, 8760.5
531, 8915.5
532, 8884
533, 9566
534, 9103
535, 8472
536, 8351
537, 9076
538, 9545.5
539, 9426.5
540, 8900.5
541, 9122.5
542, 9478
543, 8783
544, 9796
545, 9622.5
546, 10190.5
547, 10239.5
548, 9925
549, 9846
550, 9902.5
551, 10709.5
552, 9587.5
553, 9829.5
554, 9741
555, 9748
556, 10113.5
557, 10353
558, 10259.5
559, 10230
560, 10231
561, 10484.5
562, 10486.5
563, 10004
564, 11137
565, 10720
566, 11530
567, 10646
568, 10068
569, 9788
570, 9261.5
571, 8945.5
572, 10735.5
573, 10563
574, 10773
575, 10713
576, 10458.5
577, 10721.5
578, 11043
579, 10780
580, 10597.5
581, 10691
582, 11868.5
583, 11420.5
584, 11689.5
585, 11520.5
586, 11681
587, 11513
588, 11329.5
589, 11009.5
590, 11027
591, 11108
592, 11484.5
593, 11261.5
594, 10223
595, 12729
596, 12645
597, 11991
598, 12181.5
599, 12347.5
600, 12246
601, 11737.5
602, 11844.5
603, 12320.5
604, 12066.5
605, 12639
606, 12639
607, 13508
608, 12211
609, 12224.5
610, 12494
611, 12359
612, 11985.5
613, 11925.5
614, 11905.5
615, 12328.5
616, 12820
617, 12768
618, 14214.5
619, 12949
620, 12779
621, 13566
622, 12803.5
623, 12739.5
624, 12491
625, 13000
626, 13367.5
627, 13119.5
628, 13742.5
629, 13792.5
630, 11748.5
631, 11806
632, 11372.5
633, 12502.5
634, 12147.5
635, 12810
636, 12359.5
637, 11109
638, 13045.5
639, 12972
640, 12169
641, 13168
642, 14099.5
643, 11134.5
644, 12112.5
645, 12591.5
646, 12975.5
647, 12031.5
648, 12765
649, 12162.5
650, 11177.5
651, 12650.5
652, 12650.5
653, 12910.5
654, 12471.5
655, 12471.5
656, 9304.5
657, 9802.5
658, 9916
659, 10630.5
660, 10857
661, 10857
662, 9305.5
663, 11226.5
664, 10705.5
665, 10763
666, 9002
667, 9805
668, 10774
669, 11674.5
670, 11611
671, 11659.5
672, 11393
673, 10891
674, 10946.5
675, 10621.5
676, 9945.5
677, 9323.5
678, 9103.5
679, 10013.5
680, 10230
681, 10151.5
682, 10053
683, 9211
684, 9161.5
685, 9133
686, 10376
687, 8813.5
688, 8600
689, 9028.5
690, 9410
691, 10073
692, 9368
693, 9018
694, 9913
695, 9219.5
696, 9094.5
697, 9108.5
698, 9065
699, 9065
700, 9268
701, 8945.5
702, 9255
703, 9233.5
704, 9322
705, 9685
706, 9030.5
707, 8850.5
708, 8792.5
709, 8789.5
710, 9092
711, 8895.5
712, 8906.5
713, 8300.5
714, 8216
715, 8447.5
716, 8382.5
717, 8822
718, 8774.5
719, 8572
720, 9207
721, 8715.5
722, 7826.5
723, 7386.5
724, 4697.5
725, 5528.5
726, 6219
727, 6552
728, 8061.5
729, 9039
730, 8136.5
731, 7701.5
732, 7482.5
733, 7268.5
734, 7211.5
735, 7461
736, 5494.5
737, 8836.5
738, 8833.5
739, 8564
740, 8371
741, 8045
742, 9037
743, 9164.5
744, 9165.5
745, 9334
746, 8585
747, 8744.5
748, 8771.5
749, 8984
750, 9414
751, 9732.5
752, 10227
753, 11481
754, 11398.5
755, 8199.5
756, 9665
757, 9121.5
758, 9245.5
759, 9572
760, 8820
761, 8174.5
762, 8668.5
763, 8923
764, 8340
765, 8866.5
766, 8168
767, 8706.5
768, 8656
769, 9115.5
770, 9112.5
771, 8827.5
772, 5351
773, 7176.5
774, 7782.5
775, 7898
776, 8449
777, 8554
778, 9100
779, 10605
780, 9780.5
781, 7050.5
782, 8119.5
783, 8087.5
784, 8463.5
785, 9232.5
786, 8950.5
787, 5825
788, 8864.5
789, 7600.5
790, 8235
791, 7758
792, 7682
793, 8444
794, 7805
795, 5347
796, 5227.5
797, 6324
798, 9140
799, 10021.5
800, 10407
801, 10334.5
802, 10119.5
803, 10871.5
804, 10811.5
805, 10335.5
806, 8932.5
807, 8346.5
808, 8482
809, 5761.5
810, 6023.5
811, 8506.5
812, 8563
813, 8563
814, 7800
815, 6952
816, 8070.5
817, 8055
818, 8128.5
819, 8106
820, 8010.5
821, 7958
822, 4741.5
823, 4890.5
824, 7880
825, 7768.5
826, 7450
827, 8231.5
828, 7612
829, 7707.5
830, 7815
831, 8368.5
832, 4528.5
833, 7847.5
834, 9109.5
835, 9761
836, 8211
837, 8968
838, 9033
839, 8825.5
840, 9410.5
841, 5729.5
842, 8329
843, 8352
844, 7054.5
845, 7445
846, 8482
847, 7427
848, 8324.5
849, 9273.5
850, 9816
851, 9364.5
852, 10481.5
853, 7674.5
854, 8336.5
855, 8713
856, 8893
857, 9154.5
858, 8924
859, 8564
860, 8108.5
861, 9005.5
862, 8368.5
863, 7575
864, 8035.5
865, 5683
866, 5950.5
867, 8030
868, 6011
869, 5057.5
870, 7406
871, 7414
872, 7466.5
873, 4099.5
874, 7904
875, 7607
876, 4715
877, 7433.5
878, 7872
879, 4343
880, 7457
881, 8713.5
882, 9062
883, 9229
884, 8989
885, 8215
886, 5604
887, 7008.5
888, 7062.5
889, 7431.5
890, 7888.5
891, 2833
892, 3540.5
893, 7271
894, 8023
895, 8027.5
896, 5468
897, 8406
898, 8758.5
899, 8689.5
900, 8369
901, 8644
902, 8609.5
903, 8286.5
904, 7844.5
905, 4280.5
906, 4552.5
907, 7778.5
908, 8281.5
909, 8302.5
910, 4873.5
911, 4873.5
912, 8070.5
913, 5864
914, 8983
915, 8452
916, 7931.5
917, 7620.5
918, 7643
919, 7028.5
920, 7055
921, 7026.5
922, 7874
923, 6932.5
924, 7310.5
925, 7586
926, 8358
927, 5253
928, 4262
929, 7836.5
930, 7683
931, 7339
932, 4594
933, 4534
934, 7749.5
935, 7245
936, 7694
937, 4847.5
938, 4351.5
939, 4592.5
940, 2582
941, 6787.5
942, 7310.5
943, 5931
944, 7780.5
945, 7297
946, 3798.5
947, 2932.5
948, 7720.5
949, 4219.5
950, 2816
951, 3696.5
952, 3509.5
953, 7114.5
954, 5659
955, 7273
956, 7091.5
957, 7789.5
958, 4325
959, 8379
960, 7516
961, 8908.5
962, 7759
963, 7847
964, 7849
965, 7321
966, 7096.5
967, 4145
968, 7244
969, 7133
970, 3538
971, 7509
972, 7595.5
973, 7335
974, 7181
975, 8330
976, 7602.5
977, 7596.5
978, 7718
979, 7747
980, 2735
981, 6919.5
982, 6919.5
983, 5650.5
984, 3591.5
985, 3525
986, 3160.5
987, 7211.5
988, 3983.5
989, 5430.5
990, 9147.5
991, 6563.5
992, 4729.5
993, 7291
994, 4243
995, 4417.5
996, 7476.5
997, 7146.5
998, 6787
999, 6725.5
1000, 3846
1001, 4561
1002, 7684.5
1003, 7754
1004, 7447.5
1005, 4671
1006, 8192
1007, 7613.5
1008, 8247
1009, 8652.5
1010, 7428.5
1011, 8131.5
1012, 7697
1013, 4178.5
1014, 7730
1015, 7981
1016, 7435.5
1017, 7136
1018, 7505.5
1019, 7926.5
1020, 4695
1021, 4098
1022, 4056
1023, 7096.5
1024, 3194
1025, 3713
1026, 7368
1027, 7609.5
1028, 5474.5
1029, 3740.5
1030, 3433
1031, 7804.5
1032, 7456
1033, 7418.5
1034, 6885
1035, 7424.5
1036, 4872
1037, 4724.5
1038, 5996.5
1039, 6242
1040, 6242
1041, 8725.5
1042, 7419.5
1043, 5971.5
1044, 4222
1045, 7248.5
1046, 7427.5
1047, 7024.5
1048, 7584
1049, 7878
1050, 8024.5
1051, 7970.5
1052, 7666
1053, 6177.5
1054, 7419.5
1055, 7706.5
1056, 7314
1057, 7344
1058, 8417
1059, 7513.5
1060, 4042
1061, 3082.5
1062, 5384.5
1063, 6169
1064, 7475
1065, 4110
1066, 4088.5
1067, 7733
1068, 7270
1069, 8032
1070, 8036
1071, 7811.5
1072, 8639.5
1073, 7985.5
1074, 7721
1075, 3794.5
1076, 3389
1077, 3618.5
1078, 5322.5
1079, 3382
1080, 7145
1081, 3705
1082, 3815.5
1083, 3950.5
1084, 3540.5
1085, 3191
1086, 3030.5
1087, 6169.5
1088, 7520.5
1089, 7075.5
1090, 7730.5
1091, 7161
1092, 7348
1093, 6742
1094, 3528.5
1095, 3884.5
1096, 5625.5
1097, 7261.5
1098, 7401.5
1099, 7452.5
1100, 7452.5
1101, 7649
1102, 7258
1103, 7654.5
1104, 8098
1105, 8233
1106, 7429.5
1107, 7553.5
1108, 7381.5
1109, 7512
1110, 7539
1111, 3553
1112, 3805
1113, 6993.5
1114, 6847.5
1115, 7001
1116, 3714
1117, 3685
1118, 3235
1119, 3843.5
1120, 4118.5
1121, 8189.5
1122, 7653
1123, 7634
1124, 7275.5
1125, 7966.5
1126, 7203
1127, 7188
1128, 7099
1129, 6780
1130, 6937.5
1131, 7123.5
1132, 7322.5
1133, 3675
1134, 3972
1135, 8164
1136, 8448.5
1137, 8570.5
1138, 7953
1139, 7810.5
1140, 7576
1141, 8213.5
1142, 8050.5
1143, 8521
1144, 8477.5
1145, 8113.5
1146, 8071.5
1147, 8356
1148, 8429
1149, 8403
1150, 8208
1151, 8031
1152, 8925
1153, 8738.5
1154, 8549.5
1155, 8392
1156, 7909
1157, 8688
1158, 8837
1159, 8830
1160, 8634.5
1161, 8106
1162, 8016
1163, 8523.5
1164, 8399.5
1165, 8241
1166, 8503
1167, 8292.5
1168, 9250.5
1169, 8829
1170, 8914
1171, 9017.5
1172, 8784
1173, 8538.5
1174, 8956.5
1175, 9207.5
1176, 9274.5
1177, 8799
1178, 9357.5
1179, 8778
1180, 9771
1181, 8926.5
1182, 9780
1183, 10575.5
1184, 10346
1185, 10350
1186, 10093
1187, 9563.5
1188, 9039
1189, 10144.5
1190, 10386.5
1191, 10711
1192, 10017
1193, 10504.5
1194, 10860.5
1195, 10295
1196, 10941
1197, 10339.5
1198, 10158.5
1199, 10394.5
1200, 11894
1201, 11826
1202, 10310
1203, 10384.5
1204, 10455
1205, 11436
1206, 11688
1207, 11209
1208, 9731.5
1209, 12608
1210, 11671
1211, 10701
1212, 11931.5
1213, 12081.5
1214, 12077
1215, 11636
1216, 11298.5
1217, 12830
1218, 12264.5
1219, 11343.5
1220, 11457.5
1221, 10984
1222, 11104
1223, 11418.5
1224, 13340
1225, 12170.5
1226, 13107.5
1227, 11305.5
1228, 12987.5
1229, 12990
1230, 13326.5
1231, 13209.5
1232, 12976.5
1233, 12819.5
1234, 12686.5
1235, 13055.5
1236, 12451.5
1237, 12248.5
1238, 11687.5
1239, 11598.5
1240, 11979
1241, 12667.5
1242, 11672.5
1243, 11970
1244, 12774.5
1245, 12602
1246, 12598.5
1247, 13206.5
1248, 12241
1249, 13867
1250, 14194
1251, 13041.5
1252, 13118
1253, 12940
1254, 13150
1255, 12683.5
1256, 14511
1257, 14014.5
1258, 13539.5
1259, 13141.5
1260, 13196.5
1261, 13286
1262, 13358
1263, 12972.5
1264, 14223.5
1265, 13396
1266, 12556
1267, 14119.5
1268, 13546.5
1269, 13550
1270, 12963.5
1271, 12763
1272, 12420.5
1273, 12661
1274, 13571
1275, 13531
1276, 12874.5
1277, 12487
1278, 11893.5
1279, 12002.5
1280, 12856
1281, 12872
1282, 13225
1283, 12966
1284, 13424
1285, 13422.5
1286, 12631
1287, 13237
1288, 13266
1289, 13406
1290, 12422.5
1291, 12930.5
1292, 12838.5
1293, 14523
1294, 11860.5
1295, 12541
1296, 13276.5
1297, 13376
1298, 12595.5
1299, 12518.5
1300, 12499
1301, 13069.5
1302, 12052
1303, 12403
1304, 12171
1305, 11927
1306, 11818.5
1307, 12438
1308, 13047
1309, 12341
1310, 12334.5
1311, 12638.5
1312, 12609
1313, 12502
1314, 13310.5
1315, 12832.5
1316, 12752
1317, 11987
1318, 11826
1319, 14303
1320, 12888
1321, 13150.5
1322, 12266.5
1323, 12517
1324, 11550
1325, 11442.5
1326, 13771
1327, 13403
1328, 13757.5
1329, 13022.5
1330, 13025.5
1331, 13250.5
1332, 12516.5
1333, 11615.5
1334, 12539.5
1335, 12402
1336, 13108
1337, 12370.5
1338, 12821.5
1339, 12955.5
1340, 13628
1341, 13866
1342, 14013
1343, 14045
1344, 12488.5
1345, 12548
1346, 12503.5
1347, 12654.5
1348, 12350
1349, 11672
1350, 13033
1351, 13367
1352, 12857
1353, 12335
1354, 13713.5
1355, 11874.5
1356, 12094.5
1357, 12555
1358, 14304.5
1359, 12805.5
1360, 11781.5
1361, 13104
1362, 12498
1363, 13360.5
1364, 13094
1365, 12419.5
1366, 12685
1367, 12038
1368, 12502
1369, 12083
1370, 12163
1371, 12755.5
1372, 14296
1373, 13184
1374, 12655
1375, 12655
1376, 12372.5
1377, 12999
1378, 12855.5
1379, 11922.5
1380, 12011.5
1381, 12146
1382, 12107
1383, 11709.5
1384, 12190
1385, 12933
1386, 12173.5
1387, 11034.5
1388, 11176
1389, 11559
1390, 11471
1391, 11270.5
1392, 11271.5
1393, 11345.5
1394, 11633
1395, 11588
1396, 11356.5
1397, 11559.5
1398, 11254
1399, 11831.5
1400, 12148.5
1401, 11374
1402, 11598.5
1403, 11104.5
1404, 11871.5
1405, 11785
1406, 12346.5
1407, 11956.5
1408, 11038
1409, 11738
1410, 11732
1411, 12938.5
1412, 11148
1413, 11154
1414, 11625
1415, 11767.5
1416, 12471
1417, 11836
1418, 11649.5
1419, 12657
1420, 11267.5
1421, 11676
1422, 11200.5
1423, 11585
1424, 11372
1425, 11869
1426, 11615
1427, 12010.5
1428, 11603
1429, 11999
1430, 11919.5
1431, 11747
1432, 13066.5
1433, 11909.5
1434, 11334
1435, 11109.5
1436, 10698.5
1437, 10621.5
1438, 11617
1439, 12034
1440, 12430.5
1441, 11723.5
1442, 12184.5
1443, 12025
1444, 12013.5
1445, 12075
1446, 11983.5
1447, 10562.5
1448, 10705.5
1449, 11580
1450, 10887.5
1451, 10724.5
1452, 10165.5
1453, 10868.5
1454, 11373.5
1455, 11211
1456, 10911.5
1457, 12329.5
1458, 11114
1459, 11800
1460, 10499
1461, 11024.5
1462, 11435
1463, 11075.5
1464, 11748.5
1465, 12119.5
1466, 10150.5
1467, 11341
1468, 11352
1469, 11780.5
1470, 12127.5
1471, 11263
1472, 12314.5
1473, 11644.5
1474, 11650
1475, 11867
1476, 11205
1477, 11134
1478, 11648
1479, 12027.5
1480, 12797.5
1481, 10983
1482, 10740.5
1483, 11247.5
1484, 10363.5
1485, 12106.5
1486, 12248
1487, 10863
1488, 11050.5
1489, 11659
1490, 12445
1491, 10885.5
1492, 10312
1493, 11575.5
1494, 11303.5
1495, 11588.5
1496, 10025.5
1497, 11059
1498, 10445.5
1499, 11064.5
1500, 9574
1501, 10178
1502, 10387
1503, 12231
1504, 12301
1505, 11521.5
1506, 12455.5
1507, 11793.5
1508, 10054.5
1509, 11560.5
1510, 9878
1511, 11340
1512, 10947.5
1513, 10647.5
1514, 10676.5
1515, 10194.5
1516, 10708
1517, 10654
1518, 9813
1519, 10364
1520, 11183
1521, 11121.5
1522, 11080
1523, 10335.5
1524, 11496.5
1525, 10457
1526, 10152
1527, 10701
1528, 10868
1529, 11144.5
1530, 11060
1531, 10683
1532, 11450
1533, 11373
1534, 11557
1535, 10734
1536, 11664.5
1537, 11552
1538, 10911.5
1539, 10217.5
1540, 11343
1541, 10021
1542, 10287
1543, 10730.5
1544, 10971
1545, 10230
1546, 10774
1547, 10516
1548, 10549
1549, 10756
1550, 10291.5
1551, 11358.5
1552, 11269
1553, 9463
1554, 11113.5
1555, 10249.5
1556, 10885
1557, 11447.5
1558, 11253
1559, 10278
1560, 11013.5
1561, 9823.5
1562, 11491
1563, 10850
1564, 10775.5
1565, 10458.5
1566, 10411.5
1567, 10902
1568, 10806.5
1569, 10323.5
1570, 10729.5
1571, 10111.5
1572, 10108.5
1573, 9480
1574, 10023
1575, 9192
1576, 11083
1577, 10144
1578, 10793.5
1579, 10088.5
1580, 10603.5
1581, 10475.5
1582, 10646
1583, 10338
1584, 10207.5
1585, 10822
1586, 10656.5
1587, 11100
1588, 9922.5
1589, 10155.5
1590, 10658
1591, 10810.5
1592, 10452
1593, 10016
1594, 10964
1595, 9946.5
1596, 10616
1597, 10812
1598, 10250.5
1599, 9784.5
1600, 9770.5
1601, 10578
1602, 10575.5
1603, 10104
1604, 8937
1605, 9621.5
1606, 10677.5
1607, 10608.5
1608, 10278.5
1609, 10324
1610, 10203.5
1611, 9947.5
1612, 10724.5
1613, 10223
1614, 10311
1615, 9615.5
1616, 9585.5
1617, 10203
1618, 11198
1619, 10209.5
1620, 9800.5
1621, 10046
1622, 9468.5
1623, 9499.5
1624, 9662
1625, 9506.5
1626, 9371
1627, 9518.5
1628, 10497.5
1629, 10579.5
1630, 9559
1631, 9886.5
1632, 9930.5
1633, 9516
1634, 9126.5
1635, 9118
1636, 9450.5
1637, 9319
1638, 9696.5
1639, 10078
1640, 9562.5
1641, 9164.5
1642, 9596
1643, 9681.5
1644, 8508
1645, 8835.5
1646, 9133
1647, 10135
1648, 9263
1649, 9261.5
1650, 8191.5
1651, 9278.5
1652, 8077.5
1653, 9151
1654, 9437.5
1655, 8465
1656, 8659
1657, 8775
1658, 8808
1659, 8720.5
1660, 8935
1661, 8793
1662, 8694.5
1663, 8269.5
1664, 8854.5
1665, 8839
1666, 8389.5
1667, 8501.5
1668, 8794.5
1669, 8545.5
1670, 8539.5
1671, 8712.5
1672, 8467.5
1673, 9332.5
1674, 8403
1675, 8494
1676, 8158.5
1677, 8730
1678, 8498.5
1679, 8687.5
1680, 8750.5
1681, 8802.5
1682, 9120
1683, 8242
1684, 8845.5
1685, 8887.5
1686, 8561.5
1687, 8665
1688, 9059.5
1689, 9041
1690, 8355.5
1691, 8718
1692, 8551.5
1693, 8279.5
1694, 8523
1695, 9383.5
1696, 8982
1697, 8293.5
1698, 7914.5
1699, 9329.5
1700, 8560.5
1701, 8374.5
1702, 8106
1703, 8885.5
1704, 8104
1705, 8934
1706, 8422.5
1707, 8393
1708, 8101.5
1709, 8036
1710, 8331
1711, 7685.5
1712, 8388.5
1713, 8336.5
1714, 8050
1715, 8127
1716, 8132
1717, 8143
1718, 8190.5
1719, 8127.5
1720, 8119.5
1721, 8089.5
1722, 8142.5
1723, 7927.5
1724, 8287
1725, 8441.5
1726, 8533
1727, 8627
1728, 8843.5
1729, 8787.5
1730, 7988.5
1731, 8094.5
1732, 8540
1733, 7862
1734, 7869.5
1735, 7699.5
1736, 8126
1737, 7901.5
1738, 8106
1739, 8105
1740, 8335
1741, 7857
1742, 7831
1743, 8223.5
1744, 8169.5
1745, 8179.5
1746, 7709
1747, 7814
1748, 7562.5
1749, 7725
1750, 7586.5
1751, 7715.5
1752, 7718
1753, 7710
1754, 7752.5
1755, 7618
1756, 7323.5
1757, 7537
1758, 7601
1759, 7929
1760, 7758
1761, 7412.5
1762, 7637.5
1763, 7340.5
1764, 7318.5
1765, 7149
1766, 7215.5
1767, 7272.5
1768, 7417.5
1769, 7410
1770, 7140
1771, 7621.5
1772, 7143.5
1773, 7354.5
1774, 7319.5
1775, 7671
1776, 7766
1777, 7138
1778, 7220
1779, 7504
1780, 7033.5
1781, 7600
1782, 6978
1783, 7570.5
1784, 7229
1785, 7419
1786, 7730
1787, 7730
1788, 7753
1789, 7614.5
1790, 8073
1791, 8351
1792, 7864.5
1793, 7616
1794, 7714
1795, 7232
1796, 7888.5
1797, 7906.5
1798, 7994
1799, 7552
1800, 8122
1801, 7923
1802, 8018.5
1803, 7359
1804, 7690.5
1805, 7488
1806, 7462
1807, 7610
1808, 7608.5
1809, 7370.5
1810, 7792.5
1811, 7391
1812, 7005
1813, 7062
1814, 7178
1815, 7178
1816, 7523
1817, 6925.5
1818, 7014
1819, 6971.5
1820, 7189.5
1821, 6276.5
1822, 7041.5
1823, 7616.5
1824, 7164.5
1825, 6905.5
1826, 6910.5
1827, 6944
1828, 6694
1829, 6703
1830, 7099
1831, 6899.5
1832, 7034
1833, 6886
1834, 6618.5
1835, 6466.5
1836, 6999.5
1837, 6580
1838, 7193
1839, 6654
1840, 6598
1841, 6595
1842, 7195.5
1843, 6618.5
1844, 6567.5
1845, 6573.5
1846, 6850.5
1847, 6657
1848, 6838
1849, 6827.5
1850, 6333.5
1851, 6753.5
1852, 6463
1853, 6360
1854, 6398
1855, 6308.5
1856, 6632
1857, 6473.5
1858, 6467.5
1859, 6237
1860, 6329
1861, 6399
1862, 6237
1863, 6200
1864, 6555
1865, 6558.5
1866, 6387.5
1867, 6281.5
1868, 6266
1869, 6537.5
1870, 6358.5
1871, 6441
1872, 6250
1873, 6260.5
1874, 6002
1875, 6071.5
1876, 6099
1877, 6063.5
1878, 6115
1879, 6358
1880, 6364
1881, 6636
1882, 6517.5
1883, 6697.5
1884, 6707.5
1885, 6151
1886, 6179
1887, 6705.5
1888, 6542.5
1889, 6669.5
1890, 6317.5
1891, 6560
1892, 6745.5
1893, 6478.5
1894, 6330.5
1895, 6166.5
1896, 6168
1897, 6531.5
1898, 6447.5
1899, 6018
1900, 6175
1901, 6332
1902, 6179.5
1903, 6127.5
1904, 6033
1905, 6300.5
1906, 6161
1907, 5882.5
1908, 5819.5
1909, 5899.5
1910, 6161.5
1911, 6191.5
1912, 5980
1913, 5989
1914, 6133
1915, 5717
1916, 6117
1917, 6108
1918, 5783
1919, 5813.5
1920, 6002.5
1921, 6026
1922, 5804
1923, 5661
1924, 6036
1925, 5550.5
1926, 5947.5
1927, 5740
1928, 5942
1929, 5865.5
1930, 5882.5
1931, 5800
1932, 5577
1933, 5605
1934, 5544.5
1935, 5686.5
1936, 5612
1937, 5743.5
1938, 5528.5
1939, 5925
1940, 6002
1941, 5536
1942, 5586
1943, 5437
1944, 5764
1945, 5848
1946, 5559
1947, 5800
1948, 5776.5
1949, 5472.5
1950, 5661.5
1951, 5587.5
1952, 5814
1953, 5775
1954, 5488.5
1955, 5595.5
1956, 5460
1957, 5786.5
1958, 5566
1959, 5801.5
1960, 5361
1961, 5478
1962, 5629.5
1963, 5692.5
1964, 5593.5
1965, 5626.5
1966, 5410.5
1967, 5531.5
1968, 5409
1969, 5726.5
1970, 5780
1971, 5687.5
1972, 5491
1973, 5256
1974, 5449
1975, 5118
1976, 5299.5
1977, 5351.5
1978, 5332
1979, 5045
1980, 5317
1981, 5250
1982, 5231.5
1983, 5267
1984, 5451.5
1985, 5202
1986, 4805
1987, 5215
1988, 5338.5
1989, 5326
1990, 5416.5
1991, 5299.5
1992, 5171
1993, 5082
1994, 5081.5
1995, 5037
1996, 5168.5
1997, 5205
1998, 5211.5
1999, 5421.5
2000, 5047
2001, 5076.5
2002, 5106
2003, 5204
2004, 4865.5
2005, 5105
2006, 4972
2007, 5211
2008, 4845
2009, 4942.5
2010, 4826.5
2011, 4792.5
2012, 4742.5
2013, 4743.5
2014, 5043.5
2015, 5044.5
2016, 4938.5
2017, 4938.5
2018, 4775.5
2019, 4711.5
2020, 4788
2021, 4641.5
2022, 4773.5
2023, 4536
2024, 4352.5
2025, 4585
2026, 4426
2027, 4486.5
2028, 4421
2029, 4406.5
2030, 4545.5
2031, 4604.5
2032, 4230
2033, 4517
2034, 4411.5
2035, 4622
2036, 4605
2037, 4753.5
2038, 4840
2039, 4818
2040, 4722.5
2041, 4719.5
2042, 4513.5
2043, 4719
2044, 4360.5
2045, 4241.5
2046, 4288
2047, 4849.5
2048, 5024.5
2049, 4585
2050, 4573
2051, 4525.5
2052, 4620
2053, 4479
2054, 4460.5
2055, 4606.5
2056, 4664
2057, 4607.5
2058, 4556
2059, 4351.5
2060, 4273.5
2061, 4219.5
2062, 4439
2063, 4362
2064, 4453.5
2065, 4435.5
2066, 4435
2067, 4585.5
2068, 4243
2069, 4465
2070, 4416.5
2071, 4593
2072, 4487.5
2073, 4420.5
2074, 4470
2075, 4425
2076, 4492
2077, 4588.5
2078, 4505.5
2079, 4403.5
2080, 4520
2081, 4450
2082, 4450
2083, 4382
2084, 4347
2085, 4355
2086, 4527
2087, 4412
2088, 4153
2089, 4502.5
2090, 4285.5
2091, 4309
2092, 4285
2093, 4124
2094, 4103.5
2095, 3824.5
2096, 4177.5
2097, 4177.5
2098, 4024.5
2099, 4630
2100, 4410.5
2101, 4340.5
2102, 4022.5
2103, 4173.5
2104, 3984
2105, 3875.5
2106, 3868.5
2107, 3890
2108, 4204.5
2109, 4189.5
2110, 4275.5
2111, 3960.5
2112, 4242.5
2113, 4199.5
2114, 3920.5
2115, 3913.5
2116, 4094
2117, 4173.5
2118, 4384.5
2119, 4400.5
2120, 4328.5
2121, 4270
2122, 4179
2123, 4129
2124, 4149.5
2125, 4036.5
2126, 4021
2127, 4152.5
2128, 3830.5
2129, 4108.5
2130, 4125.5
2131, 4229.5
2132, 3747.5
2133, 4143
2134, 4232
2135, 3848
2136, 3839
2137, 3930
2138, 3810
2139, 3991
2140, 4200
2141, 4201
2142, 3931
2143, 3860
2144, 3771.5
2145, 3882
2146, 3434
2147, 3504
2148, 3854.5
2149, 3802
2150, 3817.5
2151, 3693
2152, 3800
2153, 3521
2154, 3391.5
2155, 3671.5
2156, 3270.5
2157, 3395.5
2158, 3450.5
2159, 3567.5
2160, 3364.5
2161, 3858
2162, 3595
2163, 3450.5
2164, 3126
2165, 3282
2166, 3444
2167, 3321.5
2168, 3260.5
2169, 3335
2170, 3351.5
2171, 3572.5
2172, 3548.5
2173, 3405
2174, 3397.5
2175, 3357.5
2176, 3247.5
2177, 3388
2178, 3225
2179, 3422
2180, 3243
2181, 3364.5
2182, 3263
2183, 3326
2184, 3577
2185, 3463
2186, 3241
2187, 3304
2188, 3244.5
2189, 3382.5
2190, 3363
2191, 3518.5
2192, 3454.5
2193, 3506.5
2194, 3071
2195, 3334
2196, 3400
2197, 3577.5
2198, 3343
2199, 3070
2200, 3227.5
2201, 3293
2202, 3293
2203, 3203
2204, 3332.5
2205, 3440
2206, 3394.5
2207, 3319.5
2208, 3499.5
2209, 3414
2210, 3677.5
2211, 4065
2212, 3601
2213, 3622.5
2214, 4018.5
2215, 3873.5
2216, 3604
2217, 4042
2218, 3884.5
2219, 3802
2220, 4109.5
2221, 3911
2222, 3826.5
2223, 3824.5
2224, 3812.5
2225, 3723.5
2226, 4035
2227, 3827
2228, 3916.5
2229, 3753.5
2230, 3729.5
2231, 3631.5
2232, 3684.5
2233, 3498.5
2234, 3492.5
2235, 3363.5
2236, 3617
2237, 3712.5
2238, 3605
2239, 3205
2240, 3155
2241, 3239.5
2242, 3089.5
2243, 3080.5
2244, 3351.5
2245, 3314.5
2246, 2914
2247, 3366
2248, 3177
2249, 3278
2250, 3186.5
2251, 3181
2252, 3195
2253, 3096
2254, 3453.5
2255, 3135.5
2256, 3145
2257, 3094
2258, 3034.5
2259, 3646
2260, 3235.5
2261, 3331.5
2262, 3156.5
2263, 3126
2264, 3106.5
2265, 3363
2266, 3220
2267, 3303.5
2268, 3349.5
2269, 3438.5
2270, 3112.5
2271, 3024.5
2272, 3301
2273, 3186.5
2274, 3191
2275, 3140
2276, 3080.5
2277, 3124
2278, 3100
2279, 2878.5
2280, 2918
2281, 3034.5
2282, 3061
2283, 3007
2284, 2893
2285, 3171
2286, 3198
2287, 3183.5
2288, 2897
2289, 3071.5
2290, 2899.5
2291, 2914.5
2292, 2899
2293, 3067
2294, 2912.5
2295, 2930
2296, 2915
2297, 2813
2298, 2907
2299, 3069.5
2300, 2840.5
2301, 2816
2302, 2883.5
2303, 3178.5
2304, 2979
2305, 2828
2306, 2831
2307, 3052
2308, 2946
2309, 3081
2310, 3123
2311, 2920.5
2312, 2968.5
2313, 3189.5
2314, 2874
2315, 2731
2316, 2719.5
2317, 2669.5
2318, 2631.5
2319, 2780
2320, 2755
2321, 2646
2322, 2659.5
2323, 2817
2324, 2817
2325, 2769.5
2326, 2819.5
2327, 2765
2328, 2865.5
2329, 2695
2330, 2633.5
2331, 2795
2332, 2641.5
2333, 2733.5
2334, 2862.5
2335, 2696
2336, 2794
2337, 2683.5
2338, 2807.5
2339, 2738.5
2340, 2801.5
2341, 2717.5
2342, 2737.5
2343, 2730.5
2344, 2703
2345, 2667.5
2346, 2619
2347, 2620.5
2348, 2612
2349, 2531.5
2350, 2652
2351, 2780
2352, 2644
2353, 2636.5
2354, 2745.5
2355, 2736.5
2356, 2733
2357, 2791
2358, 2670
2359, 2609
2360, 2508.5
2361, 2698
2362, 2556
2363, 2505
2364, 2616
2365, 2642
2366, 2716.5
2367, 2679
2368, 2571.5
2369, 2646.5
2370, 2526.5
2371, 2460.5
2372, 2477
2373, 2670.5
2374, 2627.5
2375, 2575.5
2376, 2666.5
2377, 2489.5
2378, 2474
2379, 2456.5
2380, 2377.5
2381, 2321.5
2382, 2260.5
2383, 2296
2384, 2294
2385, 2377
2386, 2326.5
2387, 2458
2388, 2440.5
2389, 2315.5
2390, 2380
2391, 2510.5
2392, 2339
2393, 2496.5
2394, 2287.5
2395, 2329
2396, 2273
2397, 2465
2398, 2645.5
2399, 2322
2400, 2370
2401, 2176
2402, 2243
2403, 2271
2404, 2287
2405, 2381.5
2406, 2303.5
2407, 2298
2408, 2374.5
2409, 2277
2410, 2400
2411, 2271
2412, 2281
2413, 2556
2414, 2523
2415, 2312
2416, 2297.5
2417, 2308.5
2418, 2185.5
2419, 2501
2420, 2317
2421, 2298.5
2422, 2469.5
2423, 2435
2424, 2281
2425, 2240
2426, 2191
2427, 2332.5
2428, 2464
2429, 2464
2430, 2457.5
2431, 2270.5
2432, 2311
2433, 2286
2434, 2262.5
2435, 2369
2436, 2447
2437, 2541.5
2438, 2363.5
2439, 2389
2440, 2193
2441, 2415.5
2442, 2441.5
2443, 2392
2444, 2445.5
2445, 2321
2446, 2459
2447, 2469.5
2448, 2471.5
2449, 2546
2450, 2406
2451, 2462.5
2452, 2464.5
2453, 2375.5
2454, 2479
2455, 2429
2456, 2560
2457, 2580
2458, 2377
2459, 2382.5
2460, 2434.5
2461, 2442.5
2462, 2440
2463, 2367.5
2464, 2375
2465, 2493
2466, 2451
2467, 2484
2468, 2461
2469, 2514.5
2470, 2512.5
2471, 2412.5
2472, 2548
2473, 2745
2474, 2422
2475, 2405
2476, 2488.5
2477, 2500.5
2478, 2434
2479, 2509
2480, 2527
2481, 2394.5
2482, 2460
2483, 2313.5
2484, 2436.5
2485, 2663
2486, 2571
2487, 2436
2488, 2338.5
2489, 2463
2490, 2595
2491, 2763.5
2492, 2733
2493, 2742
2494, 2585.5
2495, 2711
2496, 2604
2497, 2856
2498, 2844.5
2499, 2844.5
2500, 3019
2501, 2827.5
2502, 2831
2503, 2980
2504, 3102.5
2505, 3006
2506, 3056
2507, 3076
2508, 3244.5
2509, 3277.5
2510, 3277.5
2511, 3269
2512, 3096
2513, 2887.5
2514, 2986
2515, 2808
2516, 2845.5
2517, 2838.5
2518, 2920
2519, 2741.5
2520, 2776
2521, 2614
2522, 2841
2523, 2555.5
2524, 2445.5
2525, 2317
2526, 2341
2527, 2271.5
2528, 2324.5
2529, 2489
2530, 2362
2531, 2329
2532, 2375.5
2533, 2385.5
2534, 2560.5
2535, 2607
2536, 2442
2537, 2365.5
2538, 2572.5
2539, 2515
2540, 2497.5
2541, 2413.5
2542, 2326.5
2543, 2321
2544, 2378
2545, 2398.5
2546, 2254
2547, 2498.5
2548, 2174
2549, 2271.5
2550, 2293
2551, 2485
2552, 2349
2553, 2331
2554, 2266
2555, 2334.5
2556, 2229
2557, 2258
2558, 2306
2559, 2406.5
2560, 2360.5
2561, 2469.5
2562, 2268.5
2563, 2252
2564, 2204.5
2565, 2341.5
2566, 2323.5
2567, 2258
2568, 2295
2569, 2197
2570, 2184.5
2571, 2209
2572, 2177
2573, 2100.5
2574, 2217
2575, 2395.5
2576, 2405.5
2577, 2290
2578, 2277.5
2579, 2436
2580, 2376
2581, 2426
2582, 2252
2583, 2389.5
2584, 2232.5
2585, 2341
2586, 2250.5
2587, 2286
2588, 2259
2589, 2183.5
2590, 2348
2591, 2263.5
2592, 2294.5
2593, 2166
2594, 2169.5
2595, 2220.5
2596, 2203.5
2597, 2223
2598, 2223.5
2599, 2183.5
2600, 2196.5
2601, 2103
2602, 2194
2603, 2299.5
2604, 2243.5
2605, 2231
2606, 2115.5
2607, 2218.5
2608, 2425.5
2609, 2403
2610, 2116
2611, 2127
2612, 2134
2613, 2107
2614, 2206.5
2615, 2201
2616, 2362.5
2617, 2049.5
2618, 2040.5
2619, 2176
2620, 2277.5
2621, 2046
2622, 2253
2623, 2190
2624, 2315.5
2625, 2196.5
2626, 2078.5
2627, 2262.5
2628, 2262.5
2629, 2195.5
2630, 2128.5
2631, 2060
2632, 2134.5
2633, 2172
2634, 2032.5
2635, 1989.5
2636, 2049.5
2637, 2150.5
2638, 2149.5
2639, 2115.5
2640, 2003
2641, 1997.5
2642, 2239.5
2643, 2190
2644, 2023.5
2645, 1981
2646, 1921
2647, 1901.5
2648, 2012
2649, 2086.5
2650, 1996
2651, 1936.5
2652, 2046.5
2653, 1925.5
2654, 2113
2655, 1982
2656, 1970
2657, 2149
2658, 1914
2659, 2218
2660, 1921.5
2661, 1924.5
2662, 1889.5
2663, 2002
2664, 1934.5
2665, 1974
2666, 2055.5
2667, 1880
2668, 2125.5
2669, 1984
2670, 1926
2671, 2001.5
2672, 1910
2673, 1982
2674, 2195
2675, 1993
2676, 1918
2677, 1841
2678, 1802
2679, 1930
2680, 1742.5
2681, 1791.5
2682, 1923.5
2683, 1877.5
2684, 1887
2685, 1912.5
2686, 2035
2687, 1940
2688, 1865
2689, 2184
2690, 1801
2691, 1889
2692, 1946.5
2693, 1973.5
2694, 2049.5
2695, 1971
2696, 1887
2697, 2026
2698, 1897.5
2699, 2016.5
2700, 1838
2701, 2003
2702, 2016.5
2703, 1931
2704, 1836.5
2705, 1836.5
2706, 1874.5
2707, 1903
2708, 1786
2709, 1762.5
2710, 1899
2711, 1833.5
2712, 1860
2713, 1880
2714, 1825.5
2715, 1844
2716, 2101.5
2717, 1885.5
2718, 1935.5
2719, 2004
2720, 1945
2721, 2073.5
2722, 1842
2723, 1868
2724, 1930.5
2725, 2018
2726, 2074.5
2727, 1908.5
2728, 1931.5
2729, 2163.5
2730, 2185.5
2731, 1925.5
2732, 1829
2733, 1929.5
2734, 1796
2735, 1896.5
2736, 1708.5
2737, 1761
2738, 1888
2739, 1755
2740, 1689
2741, 1684
2742, 1769.5
2743, 1770.5
2744, 1869
2745, 2089
2746, 1940
2747, 1776.5
2748, 1652
2749, 1700
2750, 1713
2751, 1909.5
2752, 2220
2753, 1890
2754, 1653
2755, 1635.5
2756, 1721.5
2757, 1641
2758, 1634.5
2759, 1989.5
2760, 1854
2761, 1711.5
2762, 1614.5
2763, 1715.5
2764, 1665.5
2765, 1943
2766, 1696
2767, 1779
2768, 1763
2769, 1842.5
2770, 1839.5
2771, 1821.5
2772, 1885.5
2773, 1884.5
2774, 2011
2775, 1985
2776, 1964
2777, 1946
2778, 2104.5
2779, 2158
2780, 2168.5
2781, 2003
2782, 2055.5
2783, 2042.5
2784, 2160.5
2785, 2118.5
2786, 1943.5
2787, 1932
2788, 1949
2789, 2064.5
2790, 2091
2791, 1842.5
2792, 2000.5
2793, 1895.5
2794, 1958.5
2795, 1893.5
2796, 1747
2797, 1721
2798, 1730
2799, 1749.5
2800, 1768.5
2801, 1931.5
2802, 1948
2803, 1845
2804, 2041.5
2805, 1811.5
2806, 1863.5
2807, 1851
2808, 2137.5
2809, 1719
2810, 1719
2811, 1681
2812, 1718.5
2813, 1824
2814, 1784
2815, 2119.5
2816, 1884
2817, 1850.5
2818, 1742.5
2819, 1748
2820, 1832.5
2821, 1818.5
2822, 1884
2823, 1882
2824, 1872.5
2825, 2039
2826, 1918.5
2827, 1635.5
2828, 1741.5
2829, 1775.5
2830, 1771.5
2831, 1784.5
2832, 1669.5
2833, 1670.5
2834, 1747.5
2835, 1824
2836, 1919.5
2837, 1810.5
2838, 1664.5
2839, 1720.5
2840, 1686.5
2841, 1627.5
2842, 1679.5
2843, 1678
2844, 1789.5
2845, 1789.5
2846, 1651.5
2847, 1588.5
2848, 1689
2849, 1700
2850, 1844
2851, 1698
2852, 1752
2853, 1810.5
2854, 1800.5
2855, 1648
2856, 1648
2857, 1734.5
2858, 1691
2859, 1688
2860, 1650.5
2861, 1669
2862, 1971.5
2863, 1710.5
2864, 1821.5
2865, 1607
2866, 1723
2867, 1892
2868, 1561
2869, 1626
2870, 1789
2871, 1783.5
2872, 1755
2873, 1839
2874, 1699
2875, 1570
2876, 1648
2877, 1552
2878, 1552.5
2879, 1552.5
2880, 1949
2881, 1675.5
2882, 1702
2883, 1603.5
2884, 1654
2885, 1582.5
2886, 1640.5
2887, 1601
2888, 1767.5
2889, 1836.5
2890, 1592
2891, 1555.5
2892, 1622.5
2893, 1685
2894, 1547.5
2895, 1593
2896, 1716
2897, 1650.5
2898, 1566
2899, 1637.5
2900, 1628.5
2901, 1631.5
2902, 1563
2903, 1814.5
2904, 1644.5
2905, 1540
2906, 1597
2907, 1683.5
2908, 1556.5
2909, 1598
2910, 1884.5
2911, 2001.5
2912, 1957
2913, 1812.5
2914, 1584
2915, 1712
2916, 1641.5
2917, 1528.5
2918, 1527
2919, 1696.5
2920, 1756
2921, 1833
2922, 1546
2923, 1633
2924, 1650.5
2925, 1606.5
2926, 1829
2927, 1766
2928, 1567
2929, 1493
2930, 1685.5
2931, 1533.5
2932, 1532.5
2933, 1563.5
2934, 1565.5
2935, 1577.5
2936, 1922
2937, 1610.5
2938, 1554.5
2939, 1646.5
2940, 1558
2941, 1477
2942, 1560.5
2943, 1873
2944, 1546.5
2945, 1463.5
2946, 1483.5
2947, 1473
2948, 1471
2949, 1512.5
2950, 1472.5
2951, 1442
2952, 1420
2953, 1794.5
2954, 1528
2955, 1822.5
2956, 1625.5
2957, 1654
2958, 1793.5
2959, 1826
2960, 1423.5
2961, 1419.5
2962, 1499
2963, 1667
2964, 1533.5
2965, 1449.5
2966, 1606
2967, 1576.5
2968, 1587.5
2969, 1588.5
2970, 1610.5
2971, 1504.5
2972, 1578
2973, 1656.5
2974, 1650
2975, 1595.5
2976, 1548
2977, 1424
2978, 1478.5
2979, 1485
2980, 1645
2981, 1496
2982, 1754.5
2983, 1645.5
2984, 1795.5
2985, 1561.5
2986, 1503
2987, 1532
2988, 1817
2989, 1705.5
2990, 1500
2991, 1468
2992, 1567.5
2993, 1598
2994, 1532
2995, 1573.5
2996, 1426.5
2997, 1415
2998, 1510.5
2999, 1591
3000, 1791.5
3001, 1421.5
3002, 1465
3003, 1688
3004, 1751
3005, 1475
3006, 1668.5
3007, 1573.5
3008, 1566.5
3009, 1560.5
3010, 1526
3011, 1680
3012, 1538
3013, 1386
3014, 1525
3015, 1526
3016, 1478.5
3017, 1733.5
3018, 1553
3019, 1369.5
3020, 1383
3021, 1491.5
3022, 1539
3023, 1624.5
3024, 1479.5
3025, 1461
3026, 1413
3027, 1471
3028, 1456.5
3029, 1337.5
3030, 1392.5
3031, 1614.5
3032, 1634
3033, 1699.5
3034, 1452
3035, 1413
3036, 1472.5
3037, 1435.5
3038, 1591
3039, 1911
3040, 1701.5
3041, 1394.5
3042, 1507.5
3043, 1471.5
3044, 1542
3045, 1545.5
3046, 1453
3047, 1471.5
3048, 1731.5
3049, 1522
3050, 1727.5
3051, 1604
3052, 1698
3053, 1703
3054, 1375
3055, 1362.5
3056, 1425
3057, 1427
3058, 1480
3059, 1492.5
3060, 1651.5
3061, 1441
3062, 1421
3063, 1386
3064, 1467
3065, 1463.5
3066, 1605
3067, 1531.5
3068, 1727.5
3069, 1335.5
3070, 1507
3071, 1498
3072, 1527
3073, 1408.5
3074, 1581
3075, 1333
3076, 1344
3077, 1310
3078, 1603.5
3079, 1439
3080, 1435
3081, 1518.5
3082, 1489.5
3083, 1426
3084, 1405
3085, 1428
3086, 1395.5
3087, 1453
3088, 1566
3089, 1470
3090, 1380
3091, 1477.5
3092, 1478
3093, 1369.5
3094, 1348
3095, 1411.5
3096, 1707.5
3097, 1550
3098, 1308
3099, 1446
3100, 1373
3101, 1437
3102, 1558.5
3103, 1571
3104, 1554.5
3105, 1435.5
3106, 1334.5
3107, 1353.5
3108, 1322
3109, 1550
3110, 1413.5
3111, 1357.5
3112, 1393.5
3113, 1329.5
3114, 1470
3115, 1293
3116, 1268
3117, 1310.5
3118, 1312.5
3119, 1407
3120, 1379.5
3121, 1285.5
3122, 1276
3123, 1276.5
3124, 1287
3125, 1405
3126, 1335
3127, 1268
3128, 1540.5
3129, 1769.5
3130, 1718
3131, 1427
3132, 1528
3133, 1356.5
3134, 1579
3135, 1542
3136, 1532.5
3137, 1551
3138, 1715
3139, 1557.5
3140, 1468.5
3141, 1435
3142, 1483
3143, 1605
3144, 1556.5
3145, 1532.5
3146, 1471.5
3147, 1476
3148, 1445.5
3149, 1522
3150, 1423.5
3151, 1482.5
3152, 1502
3153, 1490
3154, 1708.5
3155, 1409
3156, 1625.5
3157, 1535
3158, 1583.5
3159, 1821
3160, 1788.5
3161, 1392
3162, 1689.5
3163, 1311.5
3164, 1537
3165, 1455.5
3166, 1488.5
3167, 1540.5
3168, 1622.5
3169, 1562
3170, 1412
3171, 1477.5
3172, 1480.5
3173, 1304
3174, 1546
3175, 1421
3176, 1529.5
3177, 1436.5
3178, 1654.5
3179, 1423.5
3180, 1329
3181, 1255.5
3182, 1263
3183, 1428.5
3184, 1813.5
3185, 1401.5
3186, 1332
3187, 1442
3188, 1347.5
3189, 1255
3190, 1312.5
3191, 1352.5
3192, 1264.5
3193, 1311.5
3194, 1350.5
3195, 1562.5
3196, 1500.5
3197, 1351.5
3198, 1394
3199, 1394
3200, 1342
3201, 1306
3202, 1359
3203, 1442
3204, 1683
3205, 1363.5
3206, 1411
3207, 1328
3208, 1372.5
3209, 1358.5
3210, 1575.5
3211, 1335.5
3212, 1263.5
3213, 1262.5
3214, 1372.5
3215, 1418
3216, 1361
3217, 1596.5
3218, 1347
3219, 1307.5
3220, 1299.5
3221, 1295.5
3222, 1299.5
3223, 1453.5
3224, 1321
3225, 1392
3226, 1399
3227, 1336
3228, 1350.5
3229, 1528.5
3230, 1190
3231, 1290
3232, 1415
3233, 1418
3234, 1376
3235, 1347.5
3236, 1312
3237, 1261
3238, 1388.5
3239, 1322.5
3240, 1305.5
3241, 1294.5
3242, 1413.5
3243, 1226
3244, 1245
3245, 1324.5
3246, 1411.5
3247, 1278
3248, 1235
3249, 1216.5
3250, 1210.5
3251, 1228
3252, 1233.5
3253, 1557
3254, 1353
3255, 1431
3256, 1265.5
3257, 1240
3258, 1207.5
3259, 1265
3260, 1265
3261, 1318.5
3262, 1170.5
3263, 1493
3264, 1208.5
3265, 1308.5
3266, 1271
3267, 1271
3268, 1466
3269, 1201
3270, 1342
3271, 1181
3272, 1211
3273, 1090.5
3274, 1208.5
3275, 1240.5
3276, 1403.5
3277, 1307
3278, 1363.5
3279, 1204.5
3280, 1405
3281, 1355.5
3282, 1335.5
3283, 1307.5
3284, 1400.5
3285, 1379.5
3286, 1353
3287, 1310
3288, 1215.5
3289, 1250.5
3290, 1293
3291, 1332.5
3292, 1304.5
3293, 1235.5
3294, 1275.5
3295, 1180
3296, 1185
3297, 1184.5
3298, 1272
3299, 1326
3300, 1584
3301, 1201.5
3302, 1186.5
3303, 1456.5
3304, 1331
3305, 1182
3306, 1269
3307, 1209.5
3308, 1258
3309, 1182.5
3310, 1155.5
3311, 1277
3312, 1257.5
3313, 1290
3314, 1284
3315, 1226.5
3316, 1656.5
3317, 1618.5
3318, 1277.5
3319, 1261
3320, 1129
3321, 1125.5
3322, 1355.5
3323, 1209
3324, 1095.5
3325, 1306
3326, 1227
3327, 1330.5
3328, 1187.5
3329, 1232.5
3330, 1233.5
3331, 1267.5
3332, 1852
3333, 1273.5
3334, 1175
3335, 1168
3336, 1200
3337, 1423
3338, 1170
3339, 1149
3340, 1184.5
3341, 1258.5
3342, 1150.5
3343, 1260
3344, 1223
3345, 1328
3346, 1068.5
3347, 1077.5
3348, 1359
3349, 1348.5
3350, 1348.5
3351, 1231
3352, 1090
3353, 1362.5
3354, 1321
3355, 1273.5
3356, 1411.5
3357, 1251
3358, 1310
3359, 1214
3360, 1271
3361, 1313.5
3362, 1041.5
3363, 1261.5
3364, 1060
3365, 1191.5
3366, 1242
3367, 1079.5
3368, 1116.5
3369, 1082.5
3370, 1096.5
3371, 1191.5
3372, 1123.5
3373, 1171.5
3374, 1012.5
3375, 1222.5
3376, 1428
3377, 1284.5
3378, 1395
3379, 1170
3380, 1182.5
3381, 1156
3382, 1163
3383, 1145
3384, 1137
3385, 1151
3386, 1166.5
3387, 1289
3388, 1135.5
3389, 1171
3390, 1282
3391, 1202
3392, 1535
3393, 1178.5
3394, 1186.5
3395, 1219
3396, 1145.5
3397, 1089.5
3398, 1274
3399, 1235
3400, 1412
3401, 1146.5
3402, 1103
3403, 1103
3404, 1024
3405, 1029.5
3406, 1234
3407, 1124
3408, 1149
3409, 1165
3410, 1164
3411, 1210
3412, 1008.5
3413, 1102.5
3414, 1183.5
3415, 1143.5
3416, 1114.5
3417, 977
3418, 1104.5
3419, 1047
3420, 1374.5
3421, 1053.5
3422, 1076
3423, 1045
3424, 989
3425, 1068
3426, 1064
3427, 1047
3428, 1165.5
3429, 1074.5
3430, 1141.5
3431, 1066.5
3432, 1039.5
3433, 1099.5
3434, 1160
3435, 1088.5
3436, 969.5
3437, 1257
3438, 1250.5
3439, 1170
3440, 1077
3441, 1509
3442, 1145.5
3443, 1049.5
3444, 1074.5
3445, 1059.5
3446, 1118
3447, 1222.5
3448, 1255.5
3449, 1113.5
3450, 1145.5
3451, 1218
3452, 1248
3453, 1154
3454, 1354.5
3455, 1279
3456, 1193
3457, 1201
3458, 1402
3459, 1245.5
3460, 1389
3461, 1243.5
3462, 1461.5
3463, 1393
3464, 1297
3465, 1358.5
3466, 1407.5
3467, 1530
3468, 1530
3469, 1304.5
3470, 1354
3471, 1244.5
3472, 1436
3473, 1225.5
3474, 1303.5
3475, 1332
3476, 1247.5
3477, 1237.5
3478, 1357
3479, 1222
3480, 1335
3481, 1196
3482, 1192.5
3483, 1380.5
3484, 1220.5
3485, 1222.5
3486, 1188
3487, 1190
3488, 1161
3489, 1247.5
3490, 1197.5
3491, 1304
3492, 1451.5
3493, 1193
3494, 1058.5
3495, 1228
3496, 1148.5
3497, 1162.5
3498, 1213
3499, 1132.5
3500, 1174
3501, 1156
3502, 1156
3503, 1222
3504, 1218
3505, 1068
3506, 1091
3507, 1163
3508, 1139.5
3509, 1125.5
3510, 1131
3511, 1128.5
3512, 1190.5
3513, 1184.5
3514, 1201
3515, 1106.5
3516, 1071.5
3517, 1060.5
3518, 1180.5
3519, 1154
3520, 1136.5
3521, 1185
3522, 1237.5
3523, 1073.5
3524, 1078.5
3525, 1053.5
3526, 1033.5
3527, 1149.5
3528, 998
3529, 1363.5
3530, 1365
3531, 1234.5
3532, 1190.5
3533, 1020
3534, 919
3535, 1043.5
3536, 953.5
3537, 1112
3538, 1044
3539, 1111
3540, 1013.5
3541, 1073.5
3542, 1047.5
3543, 972.5
3544, 1162
3545, 1074.5
3546, 1043.5
3547, 1027
3548, 1143
3549, 1066
3550, 1187.5
3551, 1059.5
3552, 1109
3553, 1443.5
3554, 1125
3555, 1279
3556, 1166
3557, 1184
3558, 1043.5
3559, 1131.5
3560, 1063.5
3561, 1067
3562, 1257
3563, 1163.5
3564, 1498.5
3565, 1048.5
3566, 963.5
3567, 949.5
3568, 1037
3569, 1004
3570, 1041.5
3571, 1171.5
3572, 1125.5
3573, 1078
3574, 1155.5
3575, 1071
3576, 1011
3577, 1005
3578, 968
3579, 1118.5
3580, 1126
3581, 1187
3582, 1098
3583, 1071.5
3584, 1214.5
3585, 1214.5
3586, 1143
3587, 1159
3588, 1223.5
3589, 1382.5
3590, 1080
3591, 990.5
3592, 992.5
3593, 961.5
3594, 1256.5
3595, 1050.5
3596, 1111
3597, 1221.5
3598, 1256
3599, 1088
3600, 1235.5
3601, 994
3602, 1398
3603, 1146
3604, 1215.5
3605, 1152.5
3606, 1173.5
3607, 1050.5
3608, 1050.5
3609, 1022.5
3610, 1096
3611, 1052.5
3612, 1179.5
3613, 1028.5
3614, 1074
3615, 1095
3616, 1166.5
3617, 1025
3618, 1123
3619, 968.5
3620, 1482
3621, 1482
3622, 1127.5
3623, 1120.5
3624, 1245.5
3625, 1236.5
3626, 1487
3627, 1222.5
3628, 1213
3629, 968.5
3630, 1031.5
3631, 995.5
3632, 1056
3633, 1073
3634, 1115.5
3635, 1336
3636, 1142
3637, 1028
3638, 1108
3639, 1054
3640, 1252
3641, 1389
3642, 1238
3643, 1219.5
3644, 1264
3645, 1307
3646, 1265
3647, 1463
3648, 1300
3649, 1288
3650, 1389
3651, 1319.5
3652, 1356.5
3653, 1550.5
3654, 1520.5
3655, 1302.5
3656, 1312
3657, 1302
3658, 1295
3659, 1432
3660, 1392.5
3661, 1289
3662, 1327.5
3663, 1302
3664, 1359
3665, 1323.5
3666, 1290
3667, 1283
3668, 1216
3669, 1209.5
3670, 1340.5
3671, 1317.5
3672, 1479.5
3673, 1355
3674, 1286.5
3675, 1403
3676, 1403
3677, 1651
3678, 1411.5
3679, 1411.5
3680, 1444
3681, 1353.5
3682, 1822.5
3683, 1482.5
3684, 1336.5
3685, 1355
3686, 1486
3687, 1553
3688, 1554
3689, 1301.5
3690, 1300.5
3691, 1347
3692, 1474.5
3693, 1440.5
3694, 1310
3695, 1279.5
3696, 1357.5
3697, 1346
3698, 1787
3699, 1711.5
3700, 1338
3701, 1392.5
3702, 1356.5
3703, 1412.5
3704, 1424
3705, 1531.5
3706, 1433
3707, 1361
3708, 1868.5
3709, 1870.5
3710, 1490
3711, 1404
3712, 1614.5
3713, 1553
3714, 1455.5
3715, 1604
3716, 1551
3717, 1488.5
3718, 1422
3719, 1412
3720, 1458
3721, 1528.5
3722, 1480
3723, 1520
3724, 1421.5
3725, 1576.5
3726, 1420
3727, 1552
3728, 1577.5
3729, 1603.5
3730, 1689.5
3731, 1439.5
3732, 1434
3733, 1405.5
3734, 1398
3735, 1430.5
3736, 1424
3737, 1423.5
3738, 1514
3739, 1514
3740, 1347.5
3741, 1313
3742, 1231
3743, 1607
3744, 1371
3745, 1395.5
3746, 1324
3747, 1395.5
3748, 1430.5
3749, 1367
3750, 1356
3751, 1301
3752, 1243.5
3753, 1375.5
3754, 1375
3755, 1356
3756, 1307
3757, 1280
3758, 1280
3759, 1284
3760, 1280.5
3761, 1364.5
3762, 1302
3763, 1398
3764, 1432
3765, 1317
3766, 1505
3767, 1314
3768, 1245
3769, 1475
3770, 1278.5
3771, 1267.5
3772, 1276
3773, 1334
3774, 1483.5
3775, 1316.5
3776, 1397.5
3777, 1530.5
3778, 1390.5
3779, 1418
3780, 1542
3781, 1452
3782, 1410
3783, 1356.5
3784, 1467.5
3785, 1481.5
3786, 1574
3787, 1416.5
3788, 1444.5
3789, 1561
3790, 1747.5
3791, 1871
3792, 1417.5
3793, 1581.5
3794, 1505
3795, 1460.5
3796, 1579.5
3797, 1520.5
3798, 1392.5
3799, 1412
3800, 1435
3801, 1818
3802, 1631.5
3803, 1731.5
3804, 1574.5
3805, 1637.5
3806, 1621.5
3807, 1621.5
3808, 1483.5
3809, 1562.5
3810, 1575
3811, 1995
3812, 1549
3813, 1783.5
3814, 1497.5
3815, 1624
3816, 1584
3817, 1557
3818, 1588.5
3819, 1644
3820, 1606
3821, 1681
3822, 1655
3823, 1746.5
3824, 1686
3825, 1723.5
3826, 1749
3827, 1566
3828, 1603
3829, 1605
3830, 1701.5
3831, 2047
3832, 1898.5
3833, 1746
3834, 1732
3835, 1733
3836, 1788
3837, 1756
3838, 1937
3839, 1979.5
3840, 1715.5
3841, 1668.5
3842, 1791
3843, 1768
3844, 1631
3845, 1797
3846, 1842.5
3847, 1806.5
3848, 1799.5
3849, 1866
3850, 1897
3851, 2032.5
3852, 1962
3853, 2041.5
3854, 1996.5
3855, 1979
3856, 1981.5
3857, 1984
3858, 2075
3859, 1957
3860, 2003
3861, 2047
3862, 2155.5
3863, 1917
3864, 1940
3865, 1982.5
3866, 1894.5
3867, 1714.5
3868, 1786.5
3869, 1892.5
3870, 1826.5
3871, 1933.5
3872, 1919.5
3873, 1822.5
3874, 1944
3875, 1827
3876, 1884.5
3877, 1983.5
3878, 1678.5
3879, 1847
3880, 1801
3881, 1801
3882, 1866.5
3883, 1866.5
3884, 1820
3885, 1890
3886, 2029.5
3887, 2154
3888, 1970
3889, 1961
3890, 2227
3891, 2050
3892, 2041.5
3893, 2034.5
3894, 2124
3895, 2128
3896, 2314
3897, 2247.5
3898, 2275.5
3899, 2134
3900, 2245
3901, 2338.5
3902, 2340.5
3903, 2392.5
3904, 2343
3905, 2300
3906, 2249.5
3907, 2195
3908, 2244.5
3909, 2110
3910, 2212
3911, 2125.5
3912, 2065
3913, 2050.5
3914, 2055
3915, 2192
3916, 2247
3917, 2094
3918, 2045
3919, 2038.5
3920, 1974.5
3921, 1905.5
3922, 1905
3923, 2045
3924, 2023.5
3925, 1977
3926, 1943
3927, 1953.5
3928, 2073
3929, 2030.5
3930, 1965
3931, 2060.5
3932, 2028
3933, 2244
3934, 2210.5
3935, 2134
3936, 2336.5
3937, 2043.5
3938, 2272.5
3939, 2295.5
3940, 2269
3941, 2252.5
3942, 2344.5
3943, 2291
3944, 2170
3945, 2129
3946, 2037
3947, 2235
3948, 2118.5
3949, 2286
3950, 2054
3951, 2369.5
3952, 2225.5
3953, 2138
3954, 2071
3955, 2202.5
3956, 2223
3957, 2141.5
3958, 2115
3959, 2174.5
3960, 2230
3961, 2214.5
3962, 2127
3963, 2165
3964, 2281
3965, 2129
3966, 2221.5
3967, 2176
3968, 2354.5
3969, 2420
3970, 2498.5
3971, 2540
3972, 2519
3973, 2556
3974, 2393.5
3975, 2359
3976, 2448
3977, 2238.5
3978, 2225.5
3979, 2212
3980, 2235.5
3981, 2388
3982, 2480
3983, 2294.5
3984, 2319.5
3985, 2432
3986, 2499
3987, 2502
3988, 2402
3989, 2400.5
3990, 2393
3991, 2518
3992, 2396.5
3993, 2445
3994, 2416
3995, 2428
3996, 2526
3997, 2585
3998, 2521
3999, 2670.5
4000, 2992
4001, 2769
4002, 2927.5
4003, 2936.5
4004, 3179.5
4005, 3336
4006, 3104.5
4007, 3301
4008, 3300
4009, 3157.5
4010, 3086
4011, 3144
4012, 3123
4013, 3169
4014, 3293.5
4015, 3255
4016, 4202.5
4017, 3358
4018, 3477
4019, 3496.5
4020, 3337
4021, 3479.5
4022, 3511
4023, 3416.5
4024, 3268
4025, 3299
4026, 3197.5
4027, 3523
4028, 3528
4029, 3406
4030, 3157
4031, 3392.5
4032, 3444
4033, 3345
4034, 3457
4035, 3493.5
4036, 3713
4037, 3526
4038, 3403.5
4039, 3370
4040, 3537.5
4041, 3484.5
4042, 3578.5
4043, 3525
4044, 3592
4045, 3844
4046, 3557
4047, 3556
4048, 3972.5
4049, 3705
4050, 3649.5
4051, 3593
4052, 3733
4053, 4089
4054, 3791.5
4055, 3721
4056, 3900.5
4057, 3657.5
4058, 3689.5
4059, 3991.5
4060, 3879
4061, 4068.5
4062, 3707
4063, 4168
4064, 4106.5
4065, 3977
4066, 4165
4067, 4212.5
4068, 4177.5
4069, 4256.5
4070, 4346
4071, 4399.5
4072, 4418
4073, 4361
4074, 4607.5
4075, 4599
4076, 4728.5
4077, 4839
4078, 4757.5
4079, 4761
4080, 4797
4081, 4705
4082, 4735
4083, 4791
4084, 4709
4085, 4691
4086, 4660
4087, 4608
4088, 4715.5
4089, 4774.5
4090, 4808.5
4091, 4814.5
4092, 4909.5
4093, 4620
4094, 4718.5
4095, 4789
4096, 4795
4097, 4711
4098, 4719
4099, 4874.5
4100, 4953
4101, 4537.5
4102, 4620.5
4103, 4664
4104, 4660
4105, 4693.5
4106, 4788
4107, 4774
4108, 4846.5
4109, 5064.5
4110, 5065
4111, 5124
4112, 5056
4113, 5862
4114, 5292
4115, 5392.5
4116, 5579.5
4117, 5590.5
4118, 5518
4119, 5682.5
4120, 5638.5
4121, 5675.5
4122, 5711
4123, 5490.5
4124, 5554.5
4125, 6299
4126, 5592
4127, 5555.5
4128, 5642
4129, 5774
4130, 5675.5
4131, 5576
4132, 5637.5
4133, 5637.5
4134, 5742.5
4135, 5796.5
4136, 5809.5
4137, 5836
4138, 5729.5
4139, 5766.5
4140, 5770.5
4141, 5753.5
4142, 5842
4143, 5819
4144, 5746
4145, 5584.5
4146, 5758
4147, 5779
4148, 5840.5
4149, 5767.5
4150, 5856
4151, 5902.5
4152, 5912
4153, 6217.5
4154, 6214.5
4155, 6130.5
4156, 6278
4157, 6238.5
4158, 6246.5
4159, 6246
4160, 6372
4161, 6361.5
4162, 6616.5
4163, 7497
4164, 6573.5
4165, 6542.5
4166, 6610.5
4167, 6612
4168, 6654
4169, 6656
4170, 6600
4171, 6932
4172, 7585
4173, 7515
4174, 7536.5
4175, 6688
4176, 6688
4177, 7073
4178, 6435
4179, 7329.5
4180, 7420
4181, 7109.5
4182, 6671
4183, 7068
4184, 6906
4185, 7326.5
4186, 7238
4187, 6670.5
4188, 6824.5
4189, 7093
4190, 7158
4191, 7291
4192, 7307
4193, 7309.5
4194, 7038.5
4195, 7057
4196, 7091.5
4197, 6842
4198, 7502
4199, 7504
4200, 7210
4201, 7441.5
4202, 7389.5
4203, 7355.5
4204, 7449
4205, 7389.5
4206, 8308.5
4207, 7381.5
4208, 7198
4209, 7752
4210, 7992.5
4211, 8180
4212, 7992.5
4213, 7618.5
4214, 8477
4215, 7433
4216, 7435.5
4217, 7882.5
4218, 8071.5
4219, 8536.5
4220, 8697.5
4221, 7606
4222, 8621.5
4223, 7599
4224, 8497.5
4225, 7846.5
4226, 7683
4227, 7726
4228, 8559.5
4229, 7987
4230, 8770
4231, 8675
4232, 7750
4233, 8887
4234, 8638.5
4235, 8535
4236, 8126.5
4237, 9012.5
4238, 7925
4239, 8436
4240, 8414
4241, 8703.5
4242, 8712.5
4243, 8937.5
4244, 8724.5
4245, 8291
4246, 8598
4247, 8307
4248, 8357
4249, 8530.5
4250, 8886
4251, 8278
4252, 8505.5
4253, 8507
4254, 9394
4255, 8445.5
4256, 8902
4257, 8617
4258, 8623
4259, 8495
4260, 8317
4261, 8919.5
4262, 8992.5
4263, 9084
4264, 9260.5
4265, 8725
4266, 8875.5
4267, 8760.5
4268, 9789.5
4269, 9554
4270, 9719.5
4271, 9354
4272, 9521.5
4273, 8505.5
4274, 9651
4275, 9733
4276, 9545
4277, 9731
4278, 9731
4279, 10273.5
4280, 9566.5
4281, 9640.5
4282, 9600.5
4283, 8850
4284, 8877.5
4285, 10043.5
4286, 9617
4287, 8921.5
4288, 10136.5
4289, 9843
4290, 10108.5
4291, 9950
4292, 9968.5
4293, 10232
4294, 9924
4295, 10037.5
4296, 9923
4297, 9889.5
4298, 9881
4299, 9778
4300, 10107.5
4301, 10085
4302, 10225
4303, 10348.5
4304, 10157
4305, 10242.5
4306, 9295.5
4307, 9495.5
4308, 10653
4309, 10636.5
4310, 10160
4311, 9993.5
4312, 9982.5
4313, 9967
4314, 10531
4315, 10039
4316, 10040
4317, 9745.5
4318, 10277.5
4319, 10290.5
4320, 10320.5
4321, 10658.5
4322, 10345
4323, 10133
4324, 10187.5
4325, 10198
4326, 10255.5
4327, 10381.5
4328, 10321
4329, 10769.5
4330, 10423
4331, 10472.5
4332, 10516.5
4333, 10401
4334, 10481.5
4335, 10227.5
4336, 10603.5
4337, 9773
4338, 10282
4339, 10587
4340, 10687
4341, 10709.5
4342, 10454
4343, 10496
4344, 10793
4345, 10402.5
4346, 10460.5
4347, 10525.5
4348, 10500.5
4349, 10651
4350, 10651
4351, 10648.5
4352, 10543
4353, 10785
4354, 10634.5
4355, 10724
4356, 10686.5
4357, 10250.5
4358, 10454
4359, 10653
4360, 10948.5
4361, 10973.5
4362, 10973.5
4363, 11144
4364, 10950
4365, 11368.5
4366, 10861
4367, 10944
4368, 10939.5
4369, 11156.5
4370, 11102
4371, 11012.5
4372, 11149.5
4373, 11077.5
4374, 11144
4375, 10979
4376, 11143
4377, 11246.5
4378, 11052.5
4379, 11523.5
4380, 11463
4381, 11105
4382, 11129
4383, 11396
4384, 11473.5
4385, 11229.5
4386, 11171.5
4387, 11933.5
4388, 11416.5
4389, 11443
4390, 11550
4391, 11304.5
4392, 11264.5
4393, 11268.5
4394, 11504.5
4395, 11543.5
4396, 11404
4397, 11465.5
4398, 11340
4399, 11359
4400, 11363.5
4401, 11573
4402, 11627.5
4403, 11479
4404, 11680.5
4405, 11280.5
4406, 10892.5
4407, 11145.5
4408, 11062.5
4409, 11258.5
4410, 11950
4411, 11691
4412, 10922
4413, 11570.5
4414, 11754.5
4415, 11937.5
4416, 11799.5
4417, 11530.5
4418, 11527.5
4419, 11591
4420, 11807.5
4421, 11507.5
4422, 11163.5
4423, 11396
4424, 11668
4425, 11700.5
4426, 11390.5
4427, 11480
4428, 11065.5
4429, 11058.5
4430, 11227
4431, 12103
4432, 12381
4433, 12165
4434, 11389
4435, 11796.5
4436, 11399.5
4437, 10862
4438, 11676.5
4439, 12115
4440, 11650
4441, 11682.5
4442, 11686
4443, 12012
4444, 11983.5
4445, 11745
4446, 11992
4447, 12168.5
4448, 12041
4449, 11487.5
4450, 11154
4451, 11925
4452, 11954.5
4453, 11946.5
4454, 11451.5
4455, 11985.5
4456, 11451.5
4457, 11535.5
4458, 11807
4459, 11888
4460, 12007.5
4461, 11847
4462, 11838.5
4463, 11746
4464, 11663
4465, 11327.5
4466, 11825.5
4467, 11853
4468, 11842
4469, 11323
4470, 11910
4471, 11412.5
4472, 11370
4473, 11893.5
4474, 11972.5
4475, 11965.5
4476, 11544.5
4477, 11851.5
4478, 12015
4479, 12041
4480, 11997.5
4481, 11944.5
4482, 11548.5
4483, 12607
4484, 11597.5
4485, 11371
4486, 12004.5
4487, 11878.5
4488, 11603
4489, 12392.5
4490, 12066.5
4491, 11337
4492, 11639.5
4493, 11764.5
4494, 11140.5
4495, 10914.5
4496, 12037.5
4497, 11709
4498, 11646
4499, 12387.5
4500, 11899
4501, 11647
4502, 12168
4503, 11402.5
4504, 11687.5
4505, 12098
4506, 12107.5
4507, 11653.5
4508, 11852.5
4509, 11910
4510, 11917.5
4511, 11911.5
4512, 12408.5
4513, 11993
4514, 12386.5
4515, 12301.5
4516, 12312
4517, 12236
4518, 12076
4519, 11631
4520, 12328.5
4521, 12185.5
4522, 12232
4523, 11838.5
4524, 11785.5
4525, 12581.5
4526, 12800
4527, 12829.5
4528, 11838
4529, 11671.5
4530, 11237
4531, 11982
4532, 12042
4533, 11730
4534, 11391.5
4535, 11305.5
4536, 12000.5
4537, 11488.5
4538, 11803
4539, 12323.5
4540, 12227.5
4541, 12010.5
4542, 12053
4543, 12227
4544, 12482.5
4545, 12238.5
4546, 12236.5
4547, 12207.5
4548, 12467.5
4549, 12520.5
4550, 11888.5
4551, 11887.5
4552, 11880
4553, 11954.5
4554, 11828.5
4555, 11611.5
4556, 11864.5
4557, 12612
4558, 12588
4559, 12385
4560, 11973.5
4561, 11033.5
4562, 11524
4563, 11013
4564, 11489
4565, 11530
4566, 11827.5
4567, 11815.5
4568, 12050.5
4569, 11958
4570, 11592
4571, 12352
4572, 12481
4573, 12000
4574, 11567
4575, 12209
4576, 11395.5
4577, 10911
4578, 10822.5
4579, 12038.5
4580, 11811
4581, 11442.5
4582, 11420
4583, 11365.5
4584, 11510.5
4585, 11859
4586, 11295.5
4587, 12015
4588, 11931
4589, 12196.5
4590, 12217
4591, 12069.5
4592, 12121
4593, 12138.5
4594, 12619.5
4595, 11690.5
4596, 11955
4597, 12298
4598, 11888.5
4599, 12576.5
4600, 12068.5
4601, 11657.5
4602, 12812
4603, 12292.5
4604, 12454.5
4605, 12240.5
4606, 12254.5
4607, 12087
4608, 11833
4609, 11808
